trial,k,target_index,expected_sample,expected_ms,expected_m,sh_found_sample,sh_found_ms,sh_norm_amp,sh_detected,sh_time_error_ms,rn_found_sample,rn_found_ms,rn_norm_amp,rn_detected,rn_time_error_ms
0,0,0,20,0.0004,60.0,20,0.0004,1.1425348105690891,True,0.0,20,0.0004,0.9893712615127621,True,0.0
0,0,1,24,0.00048000000000000007,72.0,20,0.0004,1.4281685132113613,True,-8e-05,20,0.0004,1.2367140768909526,True,-8e-05
0,0,2,60,0.0012000000000000001,180.0,72,0.00144,1.6826900299657865,True,0.00024000000000000003,72,0.00144,1.5317844500787157,True,0.00024000000000000003
0,1,0,72,0.00144,216.0,72,0.00144,1.009614017979472,True,0.0,72,0.00144,0.9190706700472293,True,0.0
0,1,1,76,0.00152,228.0,72,0.00144,1.2620175224743397,True,-8e-05,72,0.00144,1.1488383375590365,True,-8e-05
0,1,2,112,0.0022400000000000002,336.0,124,0.00248,1.743466521363902,True,0.00024000000000000003,124,0.00248,1.8716602302827539,True,0.00024000000000000003
0,2,0,124,0.00248,372.0,124,0.00248,1.0460799128183411,True,0.0,124,0.00248,1.1229961381696523,True,0.0
0,2,1,128,0.00256,384.0,124,0.00248,1.3075998910229263,True,-8e-05,124,0.00248,1.4037451727120653,True,-8e-05
0,2,2,164,0.0032800000000000004,492.0,164,0.0032800000000000004,0.9887720522808601,True,0.0,164,0.0032800000000000004,1.2144828669492809,True,0.0
1,0,0,20,0.0004,60.0,20,0.0004,0.9502647860475597,True,0.0,20,0.0004,0.9527689659685668,True,0.0
1,0,1,24,0.00048000000000000007,72.0,20,0.0004,1.1878309825594495,True,-8e-05,20,0.0004,1.1909612074607083,True,-8e-05
1,0,2,60,0.0012000000000000001,180.0,72,0.00144,1.5903110937151475,True,0.00024000000000000003,72,0.00144,1.5547140156546768,True,0.00024000000000000003
1,1,0,72,0.00144,216.0,72,0.00144,0.9541866562290884,True,0.0,72,0.00144,0.9328284093928061,True,0.0
1,1,1,76,0.00152,228.0,72,0.00144,1.1927333202863604,True,-8e-05,72,0.00144,1.1660355117410075,True,-8e-05
1,1,2,112,0.0022400000000000002,336.0,124,0.00248,1.5726165063336082,True,0.00024000000000000003,124,0.00248,1.7100602159260878,True,0.00024000000000000003
1,2,0,124,0.00248,372.0,124,0.00248,0.9435699038001649,True,0.0,124,0.00248,1.0260361295556526,True,0.0
1,2,1,128,0.00256,384.0,124,0.00248,1.1794623797502062,True,-8e-05,124,0.00248,1.2825451619445656,True,-8e-05
1,2,2,164,0.0032800000000000004,492.0,164,0.0032800000000000004,1.1049443004192483,True,0.0,164,0.0032800000000000004,0.7770816391195633,True,0.0
2,0,0,20,0.0004,60.0,20,0.0004,0.9933251964483955,True,0.0,20,0.0004,0.9383077082770274,True,0.0
2,0,1,24,0.00048000000000000007,72.0,20,0.0004,1.2416564955604943,True,-8e-05,20,0.0004,1.172884635346284,True,-8e-05
2,0,2,60,0.0012000000000000001,180.0,72,0.00144,1.5186848517312166,True,0.00024000000000000003,72,0.00144,1.5867468261277842,True,0.00024000000000000003
2,1,0,72,0.00144,216.0,72,0.00144,0.91121091103873,True,0.0,72,0.00144,0.9520480956766705,True,0.0
2,1,1,76,0.00152,228.0,72,0.00144,1.1390136387984124,True,-8e-05,72,0.00144,1.190060119595838,True,-8e-05
2,1,2,112,0.0022400000000000002,336.0,124,0.00248,1.8462298152222711,True,0.00024000000000000003,124,0.00248,1.5629861122942321,True,0.00024000000000000003
2,2,0,124,0.00248,372.0,124,0.00248,1.1077378891333627,True,0.0,124,0.00248,0.9377916673765392,True,0.0
2,2,1,128,0.00256,384.0,124,0.00248,1.3846723614167034,True,-8e-05,124,0.00248,1.1722395842206739,True,-8e-05
2,2,2,164,0.0032800000000000004,492.0,164,0.0032800000000000004,1.1925338261871319,True,0.0,164,0.0032800000000000004,1.0699933065007416,True,0.0
3,0,0,20,0.0004,60.0,20,0.0004,0.8672352099221471,True,0.0,20,0.0004,0.8764494316039582,True,0.0
3,0,1,24,0.00048000000000000007,72.0,20,0.0004,1.0840440124026838,True,-8e-05,20,0.0004,1.0955617895049476,True,-8e-05
3,0,2,60,0.0012000000000000001,180.0,72,0.00144,1.8084460620411136,True,0.00024000000000000003,72,0.00144,1.50562228740079,True,0.00024000000000000003
3,1,0,72,0.00144,216.0,72,0.00144,1.0850676372246681,True,0.0,72,0.00144,0.903373372440474,True,0.0
3,1,1,76,0.00152,228.0,72,0.00144,1.3563345465308352,True,-8e-05,72,0.00144,1.1292167155505923,True,-8e-05
3,1,2,112,0.0022400000000000002,336.0,124,0.00248,1.5759847354352623,True,0.00024000000000000003,124,0.00248,1.7214558621481095,True,0.00024000000000000003
3,2,0,124,0.00248,372.0,124,0.00248,0.9455908412611573,True,0.0,124,0.00248,1.0328735172888657,True,0.0
3,2,1,128,0.00256,384.0,124,0.00248,1.1819885515764466,True,-8e-05,124,0.00248,1.291091896611082,True,-8e-05
3,2,2,164,0.0032800000000000004,492.0,164,0.0032800000000000004,0.9766232903588334,True,0.0,164,0.0032800000000000004,1.0413699391554103,True,0.0
4,0,0,20,0.0004,60.0,20,0.0004,0.9264086670358644,True,0.0,20,0.0004,1.0477570134864964,True,0.0
4,0,1,24,0.00048000000000000007,72.0,20,0.0004,1.1580108337948305,True,-8e-05,20,0.0004,1.3096962668581205,True,-8e-05
4,0,2,60,0.0012000000000000001,180.0,76,0.00152,1.5841819215780575,True,0.00032,72,0.00144,1.5593604341075904,True,0.00024000000000000003
4,1,0,72,0.00144,216.0,76,0.00152,0.9505091529468345,True,8e-05,72,0.00144,0.9356162604645542,True,0.0
4,1,1,76,0.00152,228.0,76,0.00152,1.1881364411835431,True,0.0,72,0.00144,1.1695203255806925,True,-8e-05
4,1,2,112,0.0022400000000000002,336.0,124,0.00248,1.6509822543804986,True,0.00024000000000000003,124,0.00248,1.5422038156203273,True,0.00024000000000000003
4,2,0,124,0.00248,372.0,124,0.00248,0.9905893526282992,True,0.0,124,0.00248,0.9253222893721963,True,0.0
4,2,1,128,0.00256,384.0,124,0.00248,1.238236690785374,True,-8e-05,124,0.00248,1.1566528617152454,True,-8e-05
4,2,2,164,0.0032800000000000004,492.0,164,0.0032800000000000004,0.9679613920996066,True,0.0,164,0.0032800000000000004,0.9147705460126676,True,0.0
5,0,0,20,0.0004,60.0,20,0.0004,0.9519126518448453,True,0.0,20,0.0004,0.9882332777013425,True,0.0
5,0,1,24,0.00048000000000000007,72.0,20,0.0004,1.1898908148060565,True,-8e-05,20,0.0004,1.235291597126678,True,-8e-05
5,0,2,60,0.0012000000000000001,180.0,72,0.00144,1.7629373327240743,True,0.00024000000000000003,72,0.00144,1.5078901882047513,True,0.00024000000000000003
5,1,0,72,0.00144,216.0,72,0.00144,1.0577623996344445,True,0.0,72,0.00144,0.9047341129228508,True,0.0
5,1,1,76,0.00152,228.0,72,0.00144,1.3222029995430555,True,-8e-05,72,0.00144,1.1309176411535633,True,-8e-05
5,1,2,112,0.0022400000000000002,336.0,124,0.00248,1.5993590744902435,True,0.00024000000000000003,124,0.00248,1.517560211835645,True,0.00024000000000000003
5,2,0,124,0.00248,372.0,124,0.00248,0.9596154446941461,True,0.0,124,0.00248,0.910536127101387,True,0.0
5,2,1,128,0.00256,384.0,124,0.00248,1.1995193058676825,True,-8e-05,124,0.00248,1.1381701588767337,True,-8e-05
5,2,2,164,0.0032800000000000004,492.0,164,0.0032800000000000004,0.8551892948953754,True,0.0,164,0.0032800000000000004,0.9709475455296492,True,0.0
6,0,0,20,0.0004,60.0,20,0.0004,0.9950691052942858,True,0.0,20,0.0004,0.8939926105750235,True,0.0
6,0,1,24,0.00048000000000000007,72.0,20,0.0004,1.2438363816178573,True,-8e-05,20,0.0004,1.1174907632187794,True,-8e-05
6,0,2,60,0.0012000000000000001,180.0,72,0.00144,1.704024480462537,True,0.00024000000000000003,72,0.00144,1.5077908651295489,True,0.00024000000000000003
6,1,0,72,0.00144,216.0,72,0.00144,1.0224146882775222,True,0.0,72,0.00144,0.9046745190777292,True,0.0
6,1,1,76,0.00152,228.0,72,0.00144,1.2780183603469026,True,-8e-05,72,0.00144,1.1308431488471615,True,-8e-05
6,1,2,112,0.0022400000000000002,336.0,124,0.00248,1.8783689483861774,True,0.00024000000000000003,124,0.00248,1.5686789675253625,True,0.00024000000000000003
6,2,0,124,0.00248,372.0,124,0.00248,1.1270213690317064,True,0.0,124,0.00248,0.9412073805152175,True,0.0
6,2,1,128,0.00256,384.0,124,0.00248,1.4087767112896328,True,-8e-05,124,0.00248,1.1765092256440217,True,-8e-05
6,2,2,164,0.0032800000000000004,492.0,164,0.0032800000000000004,1.0442658636970223,True,0.0,164,0.0032800000000000004,1.2121120892643271,True,0.0
7,0,0,20,0.0004,60.0,20,0.0004,1.0633077933040105,True,0.0,20,0.0004,0.8924363201830751,True,0.0
7,0,1,24,0.00048000000000000007,72.0,20,0.0004,1.329134741630013,True,-8e-05,20,0.0004,1.1155454002288439,True,-8e-05
7,0,2,60,0.0012000000000000001,180.0,72,0.00144,1.5138541232441451,True,0.00024000000000000003,72,0.00144,1.5648631945598133,True,0.00024000000000000003
7,1,0,72,0.00144,216.0,72,0.00144,0.9083124739464871,True,0.0,72,0.00144,0.938917916735888,True,0.0
7,1,1,76,0.00152,228.0,72,0.00144,1.1353905924331087,True,-8e-05,72,0.00144,1.17364739591986,True,-8e-05
7,1,2,112,0.0022400000000000002,336.0,124,0.00248,1.6569742894137762,True,0.00024000000000000003,124,0.00248,1.5428231982489515,True,0.00024000000000000003
7,2,0,124,0.00248,372.0,124,0.00248,0.9941845736482657,True,0.0,124,0.00248,0.9256939189493709,True,0.0
7,2,1,128,0.00256,384.0,124,0.00248,1.2427307170603321,True,-8e-05,124,0.00248,1.1571173986867136,True,-8e-05
7,2,2,164,0.0032800000000000004,492.0,164,0.0032800000000000004,0.9862116188098293,True,0.0,164,0.0032800000000000004,1.0994662923083343,True,0.0
8,0,0,20,0.0004,60.0,20,0.0004,0.966247099052102,True,0.0,20,0.0004,1.0100883702052206,True,0.0
8,0,1,24,0.00048000000000000007,72.0,20,0.0004,1.2078088738151276,True,-8e-05,20,0.0004,1.2626104627565256,True,-8e-05
8,0,2,60,0.0012000000000000001,180.0,72,0.00144,1.6345433369119455,True,0.00024000000000000003,72,0.00144,1.5786212335947132,True,0.00024000000000000003
8,1,0,72,0.00144,216.0,72,0.00144,0.9807260021471673,True,0.0,72,0.00144,0.9471727401568278,True,0.0
8,1,1,76,0.00152,228.0,72,0.00144,1.225907502683959,True,-8e-05,72,0.00144,1.1839659251960348,True,-8e-05
8,1,2,112,0.0022400000000000002,336.0,124,0.00248,1.5226786745036829,True,0.00024000000000000003,124,0.00248,1.7373546653201941,True,0.00024000000000000003
8,2,0,124,0.00248,372.0,124,0.00248,0.9136072047022097,True,0.0,124,0.00248,1.0424127991921164,True,0.0
8,2,1,128,0.00256,384.0,124,0.00248,1.142009005877762,True,-8e-05,124,0.00248,1.3030159989901453,True,-8e-05
8,2,2,164,0.0032800000000000004,492.0,164,0.0032800000000000004,0.9766729153592787,True,0.0,164,0.0032800000000000004,0.813072819790645,True,0.0
9,0,0,20,0.0004,60.0,20,0.0004,1.0574608380811423,True,0.0,20,0.0004,0.8832078049049845,True,0.0
9,0,1,24,0.00048000000000000007,72.0,20,0.0004,1.3218260476014279,True,-8e-05,20,0.0004,1.1040097561312305,True,-8e-05
9,0,2,60,0.0012000000000000001,180.0,72,0.00144,1.940793422462999,True,0.00024000000000000003,72,0.00144,1.6610094025755382,True,0.00024000000000000003
9,1,0,72,0.00144,216.0,72,0.00144,1.1644760534777994,True,0.0,72,0.00144,0.9966056415453229,True,0.0
9,1,1,76,0.00152,228.0,72,0.00144,1.455595066847249,True,-8e-05,72,0.00144,1.2457570519316536,True,-8e-05
9,1,2,112,0.0022400000000000002,336.0,124,0.00248,1.4530939180020326,True,0.00024000000000000003,124,0.00248,1.6176917313859072,True,0.00024000000000000003
9,2,0,124,0.00248,372.0,124,0.00248,0.8718563508012195,True,0.0,124,0.00248,0.9706150388315443,True,0.0
9,2,1,128,0.00256,384.0,124,0.00248,1.0898204385015242,True,-8e-05,124,0.00248,1.2132687985394304,True,-8e-05
9,2,2,164,0.0032800000000000004,492.0,164,0.0032800000000000004,1.0708982063786596,True,0.0,164,0.0032800000000000004,1.0557984562916474,True,0.0
10,0,0,20,0.0004,60.0,20,0.0004,0.964489477274752,True,0.0,20,0.0004,1.000751323556793,True,0.0
10,0,1,24,0.00048000000000000007,72.0,20,0.0004,1.20561184659344,True,-8e-05,20,0.0004,1.2509391544459914,True,-8e-05
10,0,2,60,0.0012000000000000001,180.0,72,0.00144,1.5946908462842595,True,0.00024000000000000003,72,0.00144,1.645592420710251,True,0.00024000000000000003
10,1,0,72,0.00144,216.0,72,0.00144,0.9568145077705557,True,0.0,72,0.00144,0.9873554524261505,True,0.0
10,1,1,76,0.00152,228.0,72,0.00144,1.1960181347131944,True,-8e-05,72,0.00144,1.234194315532688,True,-8e-05
10,1,2,112,0.0022400000000000002,336.0,124,0.00248,1.7418357455386713,True,0.00024000000000000003,124,0.00248,1.6474122250560825,True,0.00024000000000000003
10,2,0,124,0.00248,372.0,124,0.00248,1.0451014473232028,True,0.0,124,0.00248,0.9884473350336495,True,0.0
10,2,1,128,0.00256,384.0,124,0.00248,1.3063768091540033,True,-8e-05,124,0.00248,1.2355591687920617,True,-8e-05
10,2,2,164,0.0032800000000000004,492.0,164,0.0032800000000000004,0.9025583586711365,True,0.0,164,0.0032800000000000004,1.020551214399635,True,0.0
11,0,0,20,0.0004,60.0,20,0.0004,0.9440328103577729,True,0.0,20,0.0004,0.9563329969867268,True,0.0
11,0,1,24,0.00048000000000000007,72.0,20,0.0004,1.180041012947216,True,-8e-05,20,0.0004,1.1954162462334084,True,-8e-05
11,0,2,60,0.0012000000000000001,180.0,72,0.00144,1.6171916678398106,True,0.00024000000000000003,72,0.00144,1.5809104169923347,True,0.00024000000000000003
11,1,0,72,0.00144,216.0,72,0.00144,0.9703150007038863,True,0.0,72,0.00144,0.9485462501954007,True,0.0
11,1,1,76,0.00152,228.0,72,0.00144,1.2128937508798578,True,-8e-05,72,0.00144,1.185682812744251,True,-8e-05
11,1,2,112,0.0022400000000000002,336.0,124,0.00248,1.5778376828250478,True,0.00024000000000000003,124,0.00248,1.7557508304950886,True,0.00024000000000000003
11,2,0,124,0.00248,372.0,124,0.00248,0.9467026096950286,True,0.0,124,0.00248,1.0534504982970532,True,0.0
11,2,1,128,0.00256,384.0,124,0.00248,1.1833782621187856,True,-8e-05,124,0.00248,1.3168131228713165,True,-8e-05
11,2,2,164,0.0032800000000000004,492.0,164,0.0032800000000000004,1.0009568402461775,True,0.0,164,0.0032800000000000004,0.9900895342958227,True,0.0
12,0,0,20,0.0004,60.0,20,0.0004,1.0123471394319756,True,0.0,20,0.0004,0.9283305664739848,True,0.0
12,0,1,24,0.00048000000000000007,72.0,20,0.0004,1.2654339242899695,True,-8e-05,20,0.0004,1.160413208092481,True,-8e-05
12,0,2,60,0.0012000000000000001,180.0,72,0.00144,1.717866930417412,True,0.00024000000000000003,72,0.00144,1.7368658078010772,True,0.00024000000000000003
12,1,0,72,0.00144,216.0,72,0.00144,1.030720158250447,True,0.0,72,0.00144,1.0421194846806463,True,0.0
12,1,1,76,0.00152,228.0,72,0.00144,1.2884001978130588,True,-8e-05,72,0.00144,1.3026493558508079,True,-8e-05
12,1,2,112,0.0022400000000000002,336.0,124,0.00248,1.8637974971163895,True,0.00024000000000000003,124,0.00248,1.6114041495532858,True,0.00024000000000000003
12,2,0,124,0.00248,372.0,124,0.00248,1.1182784982698337,True,0.0,124,0.00248,0.9668424897319714,True,0.0
12,2,1,128,0.00256,384.0,124,0.00248,1.397848122837292,True,-8e-05,124,0.00248,1.2085531121649642,True,-8e-05
12,2,2,164,0.0032800000000000004,492.0,164,0.0032800000000000004,1.1037524332690654,True,0.0,164,0.0032800000000000004,1.1150156912357767,True,0.0
13,0,0,20,0.0004,60.0,20,0.0004,1.080171130884845,True,0.0,20,0.0004,0.9061727217512515,True,0.0
13,0,1,24,0.00048000000000000007,72.0,20,0.0004,1.350213913606056,True,-8e-05,20,0.0004,1.1327159021890643,True,-8e-05
13,0,2,60,0.0012000000000000001,180.0,72,0.00144,1.6859490210852668,True,0.00024000000000000003,72,0.00144,1.675805384850703,True,0.00024000000000000003
13,1,0,72,0.00144,216.0,72,0.00144,1.01156941265116,True,0.0,72,0.00144,1.0054832309104218,True,0.0
13,1,1,76,0.00152,228.0,72,0.00144,1.26446176581395,True,-8e-05,72,0.00144,1.2568540386380271,True,-8e-05
13,1,2,112,0.0022400000000000002,336.0,124,0.00248,1.7746695196874471,True,0.00024000000000000003,124,0.00248,1.4964412026347127,True,0.00024000000000000003
13,2,0,124,0.00248,372.0,124,0.00248,1.0648017118124682,True,0.0,124,0.00248,0.8978647215808275,True,0.0
13,2,1,128,0.00256,384.0,124,0.00248,1.3310021397655851,True,-8e-05,124,0.00248,1.1223309019760344,True,-8e-05
13,2,2,164,0.0032800000000000004,492.0,164,0.0032800000000000004,1.0263021732093358,True,0.0,164,0.0032800000000000004,0.8838568215246012,True,0.0
14,0,0,20,0.0004,60.0,20,0.0004,0.9966839460739825,True,0.0,20,0.0004,0.9092891036190354,True,0.0
14,0,1,24,0.00048000000000000007,72.0,20,0.0004,1.245854932592478,True,-8e-05,20,0.0004,1.1366113795237942,True,-8e-05
14,0,2,60,0.0012000000000000001,180.0,72,0.00144,1.6139603724272642,True,0.00024000000000000003,72,0.00144,1.6711958638563793,True,0.00024000000000000003
14,1,0,72,0.00144,216.0,72,0.00144,0.9683762234563585,True,0.0,72,0.00144,1.0027175183138275,True,0.0
14,1,1,76,0.00152,228.0,72,0.00144,1.210470279320448,True,-8e-05,72,0.00144,1.2533968978922843,True,-8e-05
14,1,2,112,0.0022400000000000002,336.0,124,0.00248,1.6225060840131986,True,0.00024000000000000003,124,0.00248,1.7751902102118948,True,0.00024000000000000003
14,2,0,124,0.00248,372.0,124,0.00248,0.9735036504079191,True,0.0,124,0.00248,1.0651141261271369,True,0.0
14,2,1,128,0.00256,384.0,124,0.00248,1.2168795630098987,True,-8e-05,124,0.00248,1.331392657658921,True,-8e-05
14,2,2,164,0.0032800000000000004,492.0,164,0.0032800000000000004,1.0806545663987421,True,0.0,164,0.0032800000000000004,1.0472290616604578,True,0.0
15,0,0,20,0.0004,60.0,20,0.0004,0.9104263245239811,True,0.0,20,0.0004,1.005894719544878,True,0.0
15,0,1,24,0.00048000000000000007,72.0,20,0.0004,1.1380329056549763,True,-8e-05,20,0.0004,1.2573683994310973,True,-8e-05
15,0,2,60,0.0012000000000000001,180.0,72,0.00144,1.5672353692387262,True,0.00024000000000000003,72,0.00144,1.652558704262529,True,0.00024000000000000003
15,1,0,72,0.00144,216.0,72,0.00144,0.9403412215432356,True,0.0,72,0.00144,0.9915352225575174,True,0.0
15,1,1,76,0.00152,228.0,72,0.00144,1.1754265269290445,True,-8e-05,72,0.00144,1.2394190281968966,True,-8e-05
15,1,2,112,0.0022400000000000002,336.0,124,0.00248,1.681144992477092,True,0.00024000000000000003,124,0.00248,1.5340995628650553,True,0.00024000000000000003
15,2,0,124,0.00248,372.0,124,0.00248,1.0086869954862552,True,0.0,124,0.00248,0.9204597377190331,True,0.0
15,2,1,128,0.00256,384.0,124,0.00248,1.260858744357819,True,-8e-05,124,0.00248,1.1505746721487913,True,-8e-05
15,2,2,164,0.0032800000000000004,492.0,164,0.0032800000000000004,1.1065484158149717,True,0.0,164,0.0032800000000000004,0.9204865662122405,True,0.0
16,0,0,20,0.0004,60.0,20,0.0004,1.1354878714421837,True,0.0,20,0.0004,1.0290928090918952,True,0.0
16,0,1,24,0.00048000000000000007,72.0,20,0.0004,1.4193598393027296,True,-8e-05,20,0.0004,1.286366011364869,True,-8e-05
16,0,2,60,0.0012000000000000001,180.0,72,0.00144,1.6898611927246474,True,0.00024000000000000003,72,0.00144,1.4934863369232496,True,0.00024000000000000003
16,1,0,72,0.00144,216.0,72,0.00144,1.0139167156347884,True,0.0,72,0.00144,0.8960918021539497,True,0.0
16,1,1,76,0.00152,228.0,72,0.00144,1.2673958945434853,True,-8e-05,72,0.00144,1.120114752692437,True,-8e-05
16,1,2,112,0.0022400000000000002,336.0,124,0.00248,1.6115677569378184,True,0.00024000000000000003,124,0.00248,1.5869167811817058,True,0.00024000000000000003
16,2,0,124,0.00248,372.0,124,0.00248,0.966940654162691,True,0.0,124,0.00248,0.9521500687090234,True,0.0
16,2,1,128,0.00256,384.0,124,0.00248,1.2086758177033636,True,-8e-05,124,0.00248,1.1901875858862792,True,-8e-05
16,2,2,164,0.0032800000000000004,492.0,164,0.0032800000000000004,1.045377163238424,True,0.0,164,0.0032800000000000004,0.8303513243190491,True,0.0
17,0,0,20,0.0004,60.0,20,0.0004,0.847125234016654,True,0.0,20,0.0004,0.9643875598591081,True,0.0
17,0,1,24,0.00048000000000000007,72.0,20,0.0004,1.0589065425208173,True,-8e-05,20,0.0004,1.205484449823885,True,-8e-05
17,0,2,60,0.0012000000000000001,180.0,72,0.00144,1.9184668774887135,True,0.00024000000000000003,72,0.00144,1.8044627512584075,True,0.00024000000000000003
17,1,0,72,0.00144,216.0,72,0.00144,1.151080126493228,True,0.0,72,0.00144,1.0826776507550444,True,0.0
17,1,1,76,0.00152,228.0,72,0.00144,1.438850158116535,True,-8e-05,72,0.00144,1.3533470634438054,True,-8e-05
17,1,2,112,0.0022400000000000002,336.0,124,0.00248,1.7212117504374667,True,0.00024000000000000003,124,0.00248,1.5518872387910816,True,0.00024000000000000003
17,2,0,124,0.00248,372.0,124,0.00248,1.03272705026248,True,0.0,124,0.00248,0.9311323432746489,True,0.0
17,2,1,128,0.00256,384.0,124,0.00248,1.2909088128280999,True,-8e-05,124,0.00248,1.1639154290933111,True,-8e-05
17,2,2,164,0.0032800000000000004,492.0,164,0.0032800000000000004,0.9454015742416555,True,0.0,164,0.0032800000000000004,1.1172717984581435,True,0.0
18,0,0,20,0.0004,60.0,20,0.0004,0.8785559205838699,True,0.0,20,0.0004,0.9668592937992985,True,0.0
18,0,1,24,0.00048000000000000007,72.0,20,0.0004,1.0981949007298373,True,-8e-05,20,0.0004,1.2085741172491231,True,-8e-05
18,0,2,60,0.0012000000000000001,180.0,72,0.00144,1.8415012422956798,True,0.00024000000000000003,72,0.00144,1.542251196729145,True,0.00024000000000000003
18,1,0,72,0.00144,216.0,72,0.00144,1.1049007453774078,True,0.0,72,0.00144,0.925350718037487,True,0.0
18,1,1,76,0.00152,228.0,72,0.00144,1.3811259317217597,True,-8e-05,72,0.00144,1.1566883975468587,True,-8e-05
18,1,2,112,0.0022400000000000002,336.0,124,0.00248,1.9260223767609252,True,0.00024000000000000003,124,0.00248,1.495353496912727,True,0.00024000000000000003
18,2,0,124,0.00248,372.0,124,0.00248,1.1556134260565551,True,0.0,124,0.00248,0.8972120981476361,True,0.0
18,2,1,128,0.00256,384.0,124,0.00248,1.444516782570694,True,-8e-05,124,0.00248,1.121515122684545,True,-8e-05
18,2,2,164,0.0032800000000000004,492.0,164,0.0032800000000000004,0.8028269744328685,True,0.0,164,0.0032800000000000004,1.121861583998192,True,0.0
19,0,0,20,0.0004,60.0,20,0.0004,0.995866478973856,True,0.0,20,0.0004,0.997784967342759,True,0.0
19,0,1,24,0.00048000000000000007,72.0,20,0.0004,1.24483309871732,True,-8e-05,20,0.0004,1.2472312091784488,True,-8e-05
19,0,2,60,0.0012000000000000001,180.0,72,0.00144,1.7458876152182206,True,0.00024000000000000003,72,0.00144,1.2644771152596705,True,0.00024000000000000003
19,1,0,72,0.00144,216.0,72,0.00144,1.0475325691309323,True,0.0,72,0.00144,0.7586862691558023,True,0.0
19,1,1,76,0.00152,228.0,72,0.00144,1.3094157114136653,True,-8e-05,72,0.00144,0.9483578364447528,True,-8e-05
19,1,2,112,0.0022400000000000002,336.0,124,0.00248,1.773846322764614,True,0.00024000000000000003,124,0.00248,1.4232366807813097,True,0.00024000000000000003
19,2,0,124,0.00248,372.0,124,0.00248,1.0643077936587684,True,0.0,124,0.00248,0.8539420084687858,True,0.0
19,2,1,128,0.00256,384.0,124,0.00248,1.3303847420734605,True,-8e-05,124,0.00248,1.067427510585982,True,-8e-05
19,2,2,164,0.0032800000000000004,492.0,164,0.0032800000000000004,1.054344201032934,True,0.0,164,0.0032800000000000004,1.2314735556345333,True,0.0
